{"cameraMode":{"drawMode":0,"name":"Shaded","section":"Shading Mode"},"sceneLighting":true,"audioPlay":false,"sceneViewState":{"m_AlwaysRefresh":false,"showFog":true,"showSkybox":true,"showFlares":true,"showImageEffects":true,"showParticleSystems":true,"showVisualEffectGraphs":true,"m_FxEnabled":true},"in2DMode":false,"pivot":{"x":366.05853271484377,"y":1292.2869873046875,"z":0.9010739326477051},"rotation":{"x":0.0005900796386413276,"y":-0.0003026712511200458,"z":0.000006060663963580737,"w":-1.0000702142715455},"size":921.0921630859375,"orthographic":false}